User ID,Product ID,Product Name,Brand,Category,Price,Rating,Color,Size
19,1,Dress,Adidas,Men's Fashion,40,1.04,Black,XL
97,2,Shoes,H&M,Women's Fashion,82,4.03,Black,L
25,3,Dress,Adidas,Women's Fashion,44,3.34,Yellow,XL
57,4,Shoes,Zara,Men's Fashion,23,1.05,White,S
79,5,T-Shirt,Adidas,Men's Fashion,79,4.30,Black,M
98,6,Dress,Adidas,Men's Fashion,47,1.38,Yellow,L
16,7,Jeans,Gucci,Men's Fashion,37,1.36,White,XL
63,8,Sweater,Zara,Kids' Fashion,64,4.36,Blue,XL
96,9,Sweater,H&M,Men's Fashion,53,4.47,Green,XL
36,10,T-Shirt,Zara,Kids' Fashion,55,4.09,White,XL
69,11,T-Shirt,Adidas,Men's Fashion,51,1.16,Red,S
87,12,Sweater,Gucci,Kids' Fashion,91,2.70,Yellow,M
9,13,Jeans,Nike,Kids' Fashion,35,1.60,Red,M
50,14,Dress,Zara,Women's Fashion,34,2.92,White,L
31,15,Shoes,Zara,Men's Fashion,54,3.67,Yellow,M
37,16,Dress,Adidas,Women's Fashion,27,1.42,Blue,S
41,17,Dress,Gucci,Women's Fashion,75,1.48,Blue,XL
15,18,Jeans,Gucci,Women's Fashion,73,4.50,Red,XL
84,19,Shoes,Gucci,Women's Fashion,54,3.28,White,M
56,20,Dress,Gucci,Men's Fashion,53,3.79,Green,L
87,21,Jeans,H&M,Men's Fashion,56,2.61,Yellow,S
56,22,Jeans,Gucci,Women's Fashion,89,4.57,Green,L
60,23,Jeans,Zara,Kids' Fashion,91,4.07,Yellow,M
64,24,Jeans,Zara,Women's Fashion,15,2.50,Yellow,XL
65,25,Sweater,H&M,Kids' Fashion,38,1.02,Green,S
26,26,Dress,Gucci,Women's Fashion,21,4.75,Green,S
82,27,T-Shirt,Adidas,Kids' Fashion,72,3.30,Red,L
87,28,Shoes,Zara,Women's Fashion,32,2.82,Yellow,L
98,29,Shoes,Gucci,Women's Fashion,85,4.94,Yellow,M
20,30,Sweater,Nike,Kids' Fashion,99,3.11,Green,XL
36,31,Jeans,H&M,Kids' Fashion,37,2.76,Blue,S
98,32,T-Shirt,Nike,Kids' Fashion,78,3.45,White,XL
69,33,Jeans,H&M,Kids' Fashion,89,4.80,Green,XL
31,34,Jeans,H&M,Men's Fashion,80,3.92,Black,S
48,35,Jeans,Zara,Women's Fashion,37,4.17,Blue,L
18,36,Dress,H&M,Kids' Fashion,74,1.01,Green,S
27,37,Sweater,Zara,Kids' Fashion,48,4.95,Blue,S
60,38,T-Shirt,Nike,Kids' Fashion,76,2.66,Yellow,S
46,39,Jeans,Adidas,Men's Fashion,90,1.79,Yellow,M
84,40,Dress,Zara,Women's Fashion,26,2.44,Black,XL
43,41,Jeans,Gucci,Women's Fashion,40,2.92,Blue,L
43,42,Shoes,Zara,Kids' Fashion,43,1.67,Red,S
91,43,T-Shirt,Adidas,Men's Fashion,39,3.60,White,M
78,44,Jeans,Nike,Kids' Fashion,74,2.04,White,M
60,45,Jeans,Gucci,Women's Fashion,85,4.89,Red,L
44,46,Dress,Zara,Men's Fashion,38,2.83,Yellow,XL
93,47,Jeans,Zara,Men's Fashion,62,1.28,Green,S
74,48,T-Shirt,Gucci,Kids' Fashion,10,1.84,Green,M
19,49,Sweater,Gucci,Kids' Fashion,52,3.01,Green,XL
98,50,T-Shirt,H&M,Women's Fashion,38,3.08,Blue,L
51,51,Jeans,Adidas,Women's Fashion,67,3.84,Yellow,XL
80,52,Dress,Nike,Kids' Fashion,59,3.96,Red,S
39,53,T-Shirt,Nike,Men's Fashion,16,1.29,Red,M
33,54,Shoes,H&M,Men's Fashion,33,2.45,Blue,S
78,55,Sweater,Adidas,Kids' Fashion,76,2.82,Red,S
24,56,Dress,Nike,Women's Fashion,53,2.25,White,XL
99,57,Sweater,Adidas,Women's Fashion,52,3.61,Red,M
83,58,Shoes,Adidas,Women's Fashion,61,1.68,White,L
38,59,Dress,Nike,Kids' Fashion,93,3.16,Blue,M
51,60,Shoes,H&M,Kids' Fashion,24,1.59,Yellow,XL
63,61,Shoes,Adidas,Women's Fashion,25,1.04,Yellow,M
54,62,T-Shirt,Nike,Men's Fashion,66,2.06,Blue,L
53,63,Jeans,Zara,Kids' Fashion,55,4.03,White,L
50,64,Shoes,Gucci,Kids' Fashion,72,1.78,Red,M
6,65,Shoes,H&M,Kids' Fashion,33,3.05,Yellow,XL
87,66,Sweater,H&M,Kids' Fashion,59,4.55,Red,XL
84,67,Jeans,Gucci,Women's Fashion,41,4.25,Green,M
43,68,T-Shirt,Gucci,Women's Fashion,76,4.30,Red,S
3,69,Sweater,Gucci,Women's Fashion,74,3.67,Yellow,M
6,70,Dress,Gucci,Women's Fashion,36,2.54,Yellow,M
15,71,Sweater,Adidas,Women's Fashion,35,4.86,White,M
94,72,T-Shirt,H&M,Women's Fashion,51,2.79,Yellow,M
98,73,T-Shirt,Gucci,Men's Fashion,34,2.92,Red,M
6,74,Dress,Zara,Women's Fashion,68,2.88,White,XL
42,75,Dress,H&M,Women's Fashion,86,2.89,Blue,S
54,76,Jeans,Adidas,Women's Fashion,39,2.97,Black,XL
37,77,Sweater,H&M,Kids' Fashion,90,2.23,Blue,L
9,78,T-Shirt,Nike,Men's Fashion,76,1.30,White,XL
26,79,T-Shirt,Nike,Men's Fashion,11,1.33,Red,L
71,80,Jeans,Nike,Kids' Fashion,21,2.94,Red,XL
72,81,T-Shirt,Nike,Women's Fashion,66,2.40,Green,S
100,82,Dress,H&M,Kids' Fashion,31,4.61,Blue,S
69,83,Shoes,Nike,Women's Fashion,49,1.42,Blue,L
19,84,Sweater,Adidas,Women's Fashion,42,2.56,Red,L
84,85,Shoes,Nike,Women's Fashion,89,1.11,Yellow,XL
4,86,Sweater,Zara,Men's Fashion,50,3.28,Yellow,M
21,87,Shoes,Nike,Men's Fashion,41,4.13,Red,S
85,88,Dress,Nike,Kids' Fashion,61,2.56,White,L
10,89,Dress,Gucci,Men's Fashion,66,3.90,White,L
2,90,Jeans,H&M,Men's Fashion,37,3.96,Red,XL
90,91,Jeans,H&M,Kids' Fashion,85,3.05,Green,XL
6,92,Jeans,Adidas,Men's Fashion,100,1.85,White,M
33,93,Shoes,Nike,Men's Fashion,70,4.93,White,S
12,94,Shoes,Zara,Women's Fashion,21,3.94,Yellow,XL
62,95,Shoes,Gucci,Women's Fashion,58,1.97,Blue,S
22,96,Dress,Gucci,Women's Fashion,30,4.66,Red,L
18,97,Jeans,Gucci,Men's Fashion,52,3.76,Green,L
44,98,Sweater,Gucci,Kids' Fashion,61,4.28,Black,XL
25,99,Shoes,Nike,Kids' Fashion,93,4.28,Yellow,L
79,100,Shoes,Adidas,Kids' Fashion,84,1.84,Red,L
52,101,Jeans,Zara,Women's Fashion,95,1.50,Green,XL
71,102,Sweater,Gucci,Kids' Fashion,19,4.21,Red,S
57,103,Jeans,Zara,Women's Fashion,84,3.65,White,XL
64,104,Jeans,H&M,Men's Fashion,24,4.74,White,M
35,105,Jeans,Zara,Women's Fashion,52,1.75,Yellow,L
63,106,Jeans,H&M,Kids' Fashion,21,2.73,Red,L
19,107,Sweater,Zara,Men's Fashion,23,3.32,Red,L
80,108,Sweater,Gucci,Men's Fashion,13,4.28,Green,L
77,109,Jeans,Nike,Kids' Fashion,73,2.73,Black,XL
22,110,Sweater,Gucci,Women's Fashion,33,4.67,Blue,XL
99,111,Shoes,Zara,Women's Fashion,55,2.39,Green,M
92,112,Jeans,Adidas,Men's Fashion,15,2.45,White,S
97,113,T-Shirt,Zara,Men's Fashion,60,1.19,White,L
48,114,Shoes,H&M,Men's Fashion,37,1.46,Red,M
37,115,Dress,Adidas,Kids' Fashion,64,2.89,Blue,L
77,116,Shoes,Adidas,Women's Fashion,60,3.11,Green,M
52,117,Dress,Zara,Kids' Fashion,75,3.99,White,M
63,118,Dress,Adidas,Men's Fashion,71,3.52,Yellow,S
10,119,Jeans,Nike,Men's Fashion,73,2.66,Yellow,S
77,120,T-Shirt,H&M,Men's Fashion,12,2.51,Green,M
95,121,T-Shirt,Gucci,Men's Fashion,96,1.63,Red,M
90,122,Sweater,H&M,Women's Fashion,36,4.43,Blue,XL
80,123,Sweater,Nike,Women's Fashion,65,2.65,Yellow,L
65,124,Sweater,H&M,Men's Fashion,62,1.09,Black,L
56,125,Sweater,H&M,Kids' Fashion,56,4.14,Green,L
65,126,T-Shirt,Nike,Kids' Fashion,55,4.85,Green,M
7,127,Shoes,Zara,Women's Fashion,47,4.87,Yellow,M
100,128,T-Shirt,H&M,Women's Fashion,61,2.31,Green,M
70,129,T-Shirt,Zara,Women's Fashion,85,2.10,Yellow,M
40,130,Shoes,Nike,Women's Fashion,81,1.02,Green,M
70,131,T-Shirt,H&M,Men's Fashion,50,3.38,Blue,M
100,132,Sweater,Adidas,Women's Fashion,10,3.00,White,M
29,133,Shoes,H&M,Kids' Fashion,28,1.66,Blue,XL
23,134,Sweater,Zara,Women's Fashion,60,3.63,Yellow,S
94,135,Dress,Adidas,Kids' Fashion,14,3.65,Blue,L
34,136,Shoes,Zara,Men's Fashion,45,1.02,Blue,XL
44,137,Dress,Gucci,Kids' Fashion,90,3.32,Green,S
16,138,Dress,H&M,Women's Fashion,23,1.81,Yellow,S
73,139,Sweater,Gucci,Women's Fashion,45,3.54,Blue,XL
54,140,Shoes,Zara,Kids' Fashion,40,2.02,Green,M
58,141,Jeans,Nike,Women's Fashion,28,4.44,Yellow,L
46,142,Shoes,Nike,Men's Fashion,38,4.40,White,XL
88,143,Shoes,Gucci,Women's Fashion,81,4.92,White,L
75,144,Shoes,Adidas,Kids' Fashion,57,1.00,Blue,M
34,145,T-Shirt,Zara,Kids' Fashion,60,4.82,Green,S
75,146,Shoes,Adidas,Women's Fashion,53,3.47,Yellow,M
54,147,Shoes,Gucci,Kids' Fashion,48,2.58,Green,L
39,148,Shoes,Adidas,Women's Fashion,82,2.72,Black,L
95,149,Jeans,Adidas,Women's Fashion,56,4.00,Green,M
67,150,T-Shirt,Nike,Women's Fashion,43,1.20,Green,M
5,151,Shoes,Adidas,Men's Fashion,77,2.35,Blue,M
31,152,Jeans,Nike,Men's Fashion,71,4.82,Green,S
2,153,Shoes,Nike,Kids' Fashion,31,1.95,Black,S
51,154,Dress,Zara,Men's Fashion,11,2.30,Blue,L
91,155,T-Shirt,Gucci,Women's Fashion,48,2.43,White,L
92,156,T-Shirt,Adidas,Women's Fashion,21,1.15,Red,L
39,157,Dress,Adidas,Women's Fashion,67,3.98,Yellow,S
99,158,Shoes,Adidas,Men's Fashion,88,2.92,Blue,M
10,159,Jeans,Nike,Kids' Fashion,50,2.24,Green,S
46,160,Shoes,Gucci,Women's Fashion,35,2.98,Black,L
80,161,Sweater,Adidas,Women's Fashion,67,4.74,Blue,M
40,162,T-Shirt,Nike,Women's Fashion,48,2.98,Red,L
18,163,Dress,Nike,Women's Fashion,93,4.27,Green,S
16,164,T-Shirt,Nike,Men's Fashion,68,2.64,Red,L
34,165,Jeans,Gucci,Women's Fashion,67,2.28,White,XL
100,166,Sweater,Adidas,Kids' Fashion,96,4.74,White,L
92,167,Shoes,Zara,Kids' Fashion,43,4.48,Blue,S
54,168,Sweater,Gucci,Women's Fashion,69,4.46,Green,XL
62,169,Shoes,Zara,Men's Fashion,98,1.09,Black,XL
50,170,Sweater,Gucci,Men's Fashion,20,3.47,Yellow,M
24,171,Jeans,Nike,Men's Fashion,42,1.77,Blue,S
13,172,Jeans,Zara,Women's Fashion,32,4.80,Yellow,M
98,173,Dress,Nike,Kids' Fashion,21,3.10,Yellow,S
82,174,Jeans,Adidas,Kids' Fashion,80,3.33,Black,M
48,175,Dress,Adidas,Men's Fashion,55,1.91,Blue,S
59,176,Dress,H&M,Kids' Fashion,91,2.00,Red,XL
56,177,Sweater,Nike,Kids' Fashion,12,4.57,Yellow,M
93,178,Jeans,Nike,Women's Fashion,26,1.69,Red,XL
54,179,Shoes,Adidas,Kids' Fashion,53,1.03,Blue,M
61,180,T-Shirt,Zara,Kids' Fashion,43,2.37,Green,M
74,181,Shoes,H&M,Kids' Fashion,80,4.83,Black,L
39,182,Jeans,Zara,Men's Fashion,68,4.36,Yellow,L
20,183,Jeans,Zara,Kids' Fashion,67,2.68,Black,M
67,184,Sweater,Zara,Women's Fashion,67,3.45,Green,L
38,185,Sweater,Gucci,Men's Fashion,34,1.57,Yellow,L
16,186,Jeans,Adidas,Men's Fashion,56,2.43,Blue,L
81,187,Jeans,Zara,Women's Fashion,36,3.04,Green,S
33,188,Shoes,Nike,Men's Fashion,44,4.36,Green,XL
55,189,Jeans,Adidas,Women's Fashion,15,3.47,Blue,L
38,190,Sweater,Zara,Kids' Fashion,32,4.03,Yellow,XL
48,191,T-Shirt,Gucci,Kids' Fashion,95,3.23,Black,M
35,192,Sweater,Zara,Kids' Fashion,87,3.96,White,L
8,193,T-Shirt,H&M,Women's Fashion,60,2.94,White,L
56,194,Sweater,Adidas,Women's Fashion,92,3.79,White,S
32,195,Shoes,Zara,Kids' Fashion,60,3.34,White,L
72,196,Jeans,Gucci,Kids' Fashion,17,1.29,Red,M
48,197,Jeans,Nike,Kids' Fashion,90,2.30,Yellow,XL
3,198,T-Shirt,Zara,Men's Fashion,67,3.03,Blue,XL
39,199,T-Shirt,Zara,Women's Fashion,15,4.98,Black,M
75,200,Sweater,H&M,Men's Fashion,45,4.12,Black,S
21,201,Jeans,Zara,Women's Fashion,57,4.25,Yellow,M
84,202,Sweater,Nike,Men's Fashion,40,3.50,Green,S
53,203,Jeans,Zara,Women's Fashion,75,1.88,Yellow,S
3,204,T-Shirt,Zara,Kids' Fashion,81,1.89,Black,M
41,205,T-Shirt,H&M,Men's Fashion,73,2.98,Yellow,XL
64,206,Jeans,Nike,Kids' Fashion,56,4.36,Yellow,XL
30,207,Sweater,Gucci,Kids' Fashion,53,2.79,Black,M
9,208,Jeans,Zara,Men's Fashion,79,2.67,White,M
88,209,Dress,H&M,Women's Fashion,30,1.03,Black,XL
36,210,Jeans,Adidas,Women's Fashion,42,2.05,Yellow,M
6,211,Jeans,Zara,Women's Fashion,50,3.17,Green,L
24,212,T-Shirt,Adidas,Women's Fashion,71,3.44,White,S
76,213,Jeans,Zara,Women's Fashion,80,4.86,Yellow,XL
59,214,Dress,Adidas,Women's Fashion,98,1.79,Yellow,XL
49,215,T-Shirt,Adidas,Men's Fashion,49,3.62,Yellow,S
87,216,Shoes,Gucci,Kids' Fashion,57,3.88,White,M
7,217,Sweater,Gucci,Women's Fashion,98,1.44,Yellow,S
94,218,Sweater,Gucci,Men's Fashion,69,3.08,Red,M
78,219,Dress,H&M,Women's Fashion,97,1.97,Green,S
35,220,T-Shirt,H&M,Kids' Fashion,42,4.51,Blue,L
68,221,T-Shirt,Adidas,Men's Fashion,49,2.86,Black,L
77,222,Dress,Adidas,Kids' Fashion,36,1.11,Yellow,S
33,223,Jeans,Gucci,Women's Fashion,73,2.97,White,XL
48,224,T-Shirt,Adidas,Women's Fashion,88,1.75,White,L
46,225,Dress,Nike,Men's Fashion,61,1.64,Yellow,S
6,226,Sweater,H&M,Men's Fashion,16,2.43,Green,XL
44,227,Dress,Adidas,Kids' Fashion,20,4.14,Red,S
66,228,Shoes,H&M,Men's Fashion,15,1.97,Green,S
81,229,Shoes,Adidas,Kids' Fashion,65,1.82,Red,XL
96,230,Shoes,Zara,Men's Fashion,82,4.59,Black,S
92,231,Dress,Zara,Women's Fashion,33,4.74,Red,L
93,232,Jeans,Zara,Men's Fashion,49,1.41,Red,S
79,233,Shoes,Nike,Kids' Fashion,39,4.71,Red,M
64,234,Sweater,H&M,Kids' Fashion,55,1.70,White,S
61,235,Shoes,Zara,Women's Fashion,50,1.81,Green,L
40,236,Shoes,Zara,Men's Fashion,44,1.72,White,S
68,237,Shoes,Adidas,Men's Fashion,58,3.66,White,S
10,238,Shoes,Adidas,Kids' Fashion,47,2.15,White,XL
33,239,Shoes,Gucci,Kids' Fashion,93,3.96,White,L
27,240,Dress,H&M,Men's Fashion,10,2.23,Black,L
55,241,Jeans,Gucci,Men's Fashion,21,2.40,Green,S
72,242,Dress,H&M,Men's Fashion,52,4.13,Green,M
88,243,Shoes,H&M,Men's Fashion,79,1.06,White,XL
77,244,Sweater,Zara,Women's Fashion,85,3.47,Blue,XL
27,245,Dress,H&M,Women's Fashion,15,2.33,Black,S
89,246,Jeans,Gucci,Kids' Fashion,68,3.18,Green,S
32,247,Shoes,Zara,Women's Fashion,72,2.26,White,S
83,248,Sweater,Zara,Kids' Fashion,81,3.62,Red,M
34,249,Jeans,H&M,Kids' Fashion,41,1.88,Black,XL
68,250,Dress,H&M,Women's Fashion,21,2.77,Yellow,XL
46,251,Jeans,Gucci,Kids' Fashion,87,2.19,White,L
43,252,Dress,H&M,Men's Fashion,25,1.66,Blue,L
65,253,T-Shirt,Zara,Kids' Fashion,98,4.24,White,M
20,254,Jeans,Gucci,Kids' Fashion,15,1.39,Yellow,L
74,255,T-Shirt,H&M,Kids' Fashion,81,2.55,Green,M
33,256,Jeans,Gucci,Kids' Fashion,86,2.06,Blue,L
38,257,Shoes,Nike,Women's Fashion,82,3.48,Red,S
86,258,Dress,Gucci,Women's Fashion,14,3.56,Yellow,S
44,259,Shoes,Nike,Men's Fashion,27,2.50,White,L
34,260,Dress,Adidas,Kids' Fashion,59,4.15,Green,S
50,261,Dress,Zara,Men's Fashion,49,2.98,Yellow,S
68,262,Jeans,Gucci,Women's Fashion,94,4.29,Blue,S
5,263,Jeans,Zara,Men's Fashion,71,4.05,Yellow,XL
46,264,Dress,Gucci,Women's Fashion,55,3.19,White,XL
8,265,T-Shirt,H&M,Kids' Fashion,60,2.75,Blue,XL
51,266,Jeans,Gucci,Kids' Fashion,62,2.37,White,XL
25,267,Jeans,Adidas,Women's Fashion,53,4.44,Black,S
32,268,Jeans,Adidas,Kids' Fashion,22,3.94,Yellow,L
34,269,Shoes,H&M,Kids' Fashion,100,4.74,Black,S
3,270,Sweater,Adidas,Kids' Fashion,60,4.21,Blue,XL
76,271,Jeans,Nike,Men's Fashion,45,4.08,Blue,L
43,272,Dress,Nike,Kids' Fashion,95,2.31,White,M
4,273,Dress,Nike,Men's Fashion,29,1.76,White,XL
77,274,Dress,Adidas,Women's Fashion,18,1.66,Red,S
58,275,Jeans,Nike,Men's Fashion,93,3.81,Green,XL
73,276,Jeans,Nike,Men's Fashion,43,1.39,Yellow,M
50,277,Dress,H&M,Kids' Fashion,49,1.89,White,M
4,278,Jeans,Gucci,Men's Fashion,98,2.96,Black,L
3,279,Shoes,Adidas,Kids' Fashion,11,2.19,Yellow,M
31,280,Dress,Gucci,Kids' Fashion,19,2.13,White,XL
30,281,Jeans,H&M,Women's Fashion,67,2.26,Green,S
18,282,Jeans,Nike,Men's Fashion,75,1.27,Black,M
95,283,Sweater,H&M,Men's Fashion,80,4.18,White,S
78,284,T-Shirt,Zara,Men's Fashion,23,3.81,Black,S
49,285,Sweater,Nike,Women's Fashion,80,3.70,Yellow,L
69,286,T-Shirt,H&M,Kids' Fashion,13,3.24,White,XL
71,287,T-Shirt,Zara,Kids' Fashion,62,4.54,Blue,XL
13,288,Sweater,Nike,Men's Fashion,38,2.11,Black,M
88,289,Sweater,Adidas,Kids' Fashion,18,2.81,Blue,M
38,290,Sweater,Zara,Men's Fashion,13,4.88,White,S
3,291,Dress,H&M,Women's Fashion,64,4.82,White,XL
91,292,T-Shirt,Nike,Men's Fashion,63,3.08,Green,S
9,293,Sweater,Nike,Men's Fashion,96,2.77,Black,XL
4,294,Dress,H&M,Women's Fashion,89,4.09,White,XL
39,295,Dress,H&M,Kids' Fashion,56,2.42,Black,XL
99,296,T-Shirt,H&M,Women's Fashion,25,4.10,White,S
30,297,Sweater,Gucci,Kids' Fashion,14,1.88,Blue,XL
4,298,Shoes,Zara,Women's Fashion,14,1.42,Red,M
69,299,Shoes,Gucci,Kids' Fashion,21,2.95,Green,S
3,300,Shoes,Adidas,Kids' Fashion,57,4.92,White,S
66,301,Shoes,Adidas,Kids' Fashion,93,2.04,Yellow,M
49,302,T-Shirt,Gucci,Kids' Fashion,37,4.90,White,M
11,303,Jeans,Gucci,Women's Fashion,94,3.69,White,XL
7,304,Dress,Adidas,Women's Fashion,85,1.30,Green,M
26,305,Shoes,H&M,Women's Fashion,90,2.33,White,L
73,306,T-Shirt,Gucci,Men's Fashion,23,2.80,Black,XL
62,307,Dress,Zara,Men's Fashion,11,3.89,Yellow,S
42,308,Jeans,Adidas,Men's Fashion,60,4.42,Yellow,S
37,309,Jeans,Gucci,Kids' Fashion,17,3.75,Black,S
61,310,Jeans,H&M,Men's Fashion,83,3.95,White,XL
55,311,Jeans,Nike,Men's Fashion,55,4.80,Black,L
41,312,Jeans,Zara,Men's Fashion,45,2.93,White,S
97,313,Shoes,H&M,Women's Fashion,76,4.51,Green,XL
13,314,Jeans,Nike,Kids' Fashion,94,2.06,Red,L
90,315,Jeans,Nike,Kids' Fashion,56,1.22,White,XL
34,316,Jeans,H&M,Women's Fashion,68,2.10,Red,S
55,317,Dress,Adidas,Women's Fashion,23,4.40,Red,XL
88,318,Sweater,Zara,Men's Fashion,49,1.16,Yellow,S
39,319,Jeans,H&M,Men's Fashion,61,1.23,White,L
25,320,Sweater,H&M,Kids' Fashion,86,3.15,Yellow,L
34,321,Shoes,Gucci,Kids' Fashion,40,4.45,Red,S
58,322,Shoes,H&M,Kids' Fashion,18,1.71,Red,M
30,323,Shoes,Zara,Women's Fashion,95,2.33,Green,M
3,324,Sweater,Gucci,Men's Fashion,18,4.53,Black,XL
67,325,T-Shirt,Nike,Men's Fashion,91,2.67,Black,XL
7,326,Jeans,Zara,Men's Fashion,20,3.31,Green,L
95,327,Dress,Adidas,Kids' Fashion,72,4.57,White,L
34,328,Jeans,Adidas,Kids' Fashion,12,1.30,Blue,L
49,329,Jeans,Nike,Women's Fashion,56,3.74,Blue,XL
15,330,T-Shirt,Zara,Men's Fashion,26,2.14,Blue,M
61,331,T-Shirt,Adidas,Kids' Fashion,25,3.27,Black,S
25,332,Shoes,Zara,Men's Fashion,75,3.15,Blue,M
60,333,Dress,H&M,Kids' Fashion,70,2.04,Yellow,M
80,334,Sweater,Zara,Men's Fashion,16,1.86,Yellow,L
25,335,Sweater,Gucci,Men's Fashion,88,3.40,Red,XL
71,336,T-Shirt,Nike,Kids' Fashion,28,4.17,White,XL
1,337,Shoes,Nike,Women's Fashion,80,1.59,White,L
22,338,Sweater,Nike,Women's Fashion,70,1.44,Blue,S
46,339,Dress,Gucci,Women's Fashion,74,1.80,White,M
52,340,Sweater,Adidas,Women's Fashion,32,1.25,Blue,L
27,341,Jeans,Gucci,Men's Fashion,91,4.47,Red,XL
69,342,Sweater,Zara,Women's Fashion,27,3.98,Yellow,S
29,343,T-Shirt,Gucci,Women's Fashion,91,4.74,Yellow,XL
42,344,Dress,Nike,Kids' Fashion,44,3.87,Blue,L
97,345,Shoes,H&M,Kids' Fashion,67,1.42,Yellow,S
62,346,Jeans,Adidas,Kids' Fashion,19,4.83,Yellow,XL
76,347,Dress,H&M,Men's Fashion,18,1.11,Blue,XL
52,348,Shoes,Zara,Kids' Fashion,76,2.92,Blue,XL
36,349,Dress,Adidas,Kids' Fashion,97,3.15,White,XL
50,350,Jeans,H&M,Kids' Fashion,80,2.80,Black,XL
52,351,Jeans,Nike,Women's Fashion,95,4.47,Red,XL
41,352,Dress,H&M,Men's Fashion,71,1.50,Green,XL
87,353,Sweater,Nike,Women's Fashion,78,2.91,Blue,M
7,354,Dress,Gucci,Men's Fashion,74,3.86,Red,M
59,355,Sweater,Nike,Kids' Fashion,43,2.49,Red,XL
93,356,Dress,Zara,Kids' Fashion,68,4.33,Black,S
89,357,T-Shirt,Adidas,Kids' Fashion,15,3.41,Yellow,L
66,358,Shoes,Adidas,Men's Fashion,55,1.17,Blue,XL
55,359,Dress,Nike,Kids' Fashion,68,4.45,Red,L
42,360,Sweater,H&M,Women's Fashion,24,2.26,Black,XL
78,361,Sweater,H&M,Kids' Fashion,62,1.76,Blue,XL
22,362,Jeans,Adidas,Men's Fashion,15,1.28,Red,S
72,363,Jeans,Nike,Kids' Fashion,33,3.14,Yellow,L
60,364,Jeans,Nike,Kids' Fashion,65,2.04,Black,M
92,365,T-Shirt,Nike,Men's Fashion,16,3.28,White,L
7,366,Dress,Nike,Women's Fashion,29,4.15,Yellow,L
17,367,Shoes,Nike,Women's Fashion,31,2.71,Yellow,S
60,368,Shoes,Nike,Women's Fashion,35,1.54,Blue,XL
62,369,Shoes,Nike,Women's Fashion,96,3.80,Green,M
75,370,T-Shirt,Nike,Kids' Fashion,58,2.63,White,S
65,371,Dress,Nike,Women's Fashion,33,1.08,White,XL
63,372,Dress,Nike,Men's Fashion,41,1.84,White,S
87,373,T-Shirt,Adidas,Men's Fashion,63,3.15,Green,M
23,374,Jeans,Nike,Men's Fashion,20,1.47,Black,S
68,375,Jeans,Zara,Women's Fashion,49,4.27,Blue,XL
16,376,Shoes,H&M,Kids' Fashion,22,3.83,Green,S
33,377,Shoes,Zara,Women's Fashion,54,3.72,Black,L
55,378,T-Shirt,Nike,Men's Fashion,45,3.57,Red,S
89,379,Jeans,Nike,Women's Fashion,25,3.64,White,M
73,380,Dress,Gucci,Women's Fashion,23,1.20,Red,XL
32,381,Shoes,H&M,Men's Fashion,23,3.32,Green,S
97,382,T-Shirt,Gucci,Men's Fashion,93,3.58,Yellow,M
32,383,Jeans,H&M,Men's Fashion,86,2.53,Black,L
90,384,Sweater,H&M,Kids' Fashion,84,1.46,Black,L
74,385,Shoes,Gucci,Women's Fashion,35,3.67,Yellow,L
27,386,Dress,Adidas,Women's Fashion,17,3.58,Yellow,XL
52,387,Dress,Adidas,Women's Fashion,24,1.17,Green,XL
7,388,T-Shirt,H&M,Men's Fashion,86,4.12,Green,M
51,389,T-Shirt,Zara,Women's Fashion,91,1.55,White,XL
89,390,Sweater,Adidas,Women's Fashion,86,4.45,Green,M
66,391,Dress,Gucci,Women's Fashion,25,3.83,Blue,M
73,392,T-Shirt,Zara,Men's Fashion,53,2.81,White,S
19,393,Shoes,H&M,Men's Fashion,32,1.75,Black,M
77,394,T-Shirt,Gucci,Men's Fashion,56,3.53,Yellow,M
90,395,Shoes,Nike,Women's Fashion,14,2.59,Yellow,M
33,396,Shoes,Zara,Men's Fashion,74,2.87,Blue,M
100,397,Shoes,Zara,Kids' Fashion,94,1.57,White,XL
39,398,T-Shirt,H&M,Men's Fashion,16,2.19,White,M
36,399,Dress,Adidas,Men's Fashion,37,2.63,Yellow,L
95,400,Jeans,H&M,Women's Fashion,91,2.43,Green,S
41,401,Jeans,Gucci,Women's Fashion,93,4.64,Green,S
10,402,Shoes,H&M,Women's Fashion,30,1.50,Yellow,M
83,403,Shoes,Adidas,Men's Fashion,61,3.49,Red,S
37,404,Shoes,Adidas,Men's Fashion,71,2.94,Green,M
61,405,Jeans,Adidas,Women's Fashion,30,2.68,Blue,S
89,406,Shoes,Nike,Men's Fashion,54,1.75,Black,L
50,407,Shoes,Nike,Women's Fashion,78,3.58,White,XL
54,408,Sweater,H&M,Men's Fashion,62,2.98,White,L
28,409,Shoes,Nike,Kids' Fashion,26,2.01,Red,S
48,410,Jeans,H&M,Kids' Fashion,64,4.72,Green,XL
35,411,Sweater,Nike,Men's Fashion,67,3.26,Red,M
66,412,Shoes,Nike,Kids' Fashion,63,3.40,Black,XL
18,413,Jeans,Zara,Women's Fashion,21,4.85,Green,XL
13,414,Dress,Zara,Kids' Fashion,63,2.18,Black,XL
22,415,Jeans,H&M,Kids' Fashion,41,2.73,Yellow,L
30,416,Sweater,H&M,Women's Fashion,92,3.25,Blue,S
58,417,Shoes,H&M,Women's Fashion,88,2.85,Red,S
82,418,Jeans,Zara,Men's Fashion,34,4.99,Blue,S
44,419,T-Shirt,H&M,Kids' Fashion,72,3.30,Yellow,L
79,420,Jeans,Adidas,Men's Fashion,81,4.72,White,M
18,421,T-Shirt,Nike,Kids' Fashion,89,1.65,White,M
79,422,Dress,Nike,Kids' Fashion,20,2.12,Blue,S
56,423,Jeans,Adidas,Men's Fashion,83,4.50,Black,M
52,424,Shoes,Adidas,Women's Fashion,45,3.06,Yellow,M
100,425,Jeans,Nike,Men's Fashion,96,3.81,Blue,XL
11,426,Jeans,Zara,Men's Fashion,48,4.64,Black,L
8,427,T-Shirt,Zara,Kids' Fashion,15,4.72,Yellow,XL
80,428,T-Shirt,Gucci,Kids' Fashion,34,1.90,Green,M
57,429,Shoes,Gucci,Women's Fashion,94,3.83,Black,XL
72,430,T-Shirt,Nike,Kids' Fashion,92,2.77,Black,S
46,431,Jeans,H&M,Kids' Fashion,18,2.62,Green,S
7,432,Jeans,H&M,Kids' Fashion,55,2.24,Blue,L
10,433,Jeans,H&M,Men's Fashion,59,3.88,Yellow,M
44,434,T-Shirt,Zara,Kids' Fashion,22,1.71,Yellow,M
46,435,T-Shirt,Adidas,Men's Fashion,47,2.72,Blue,XL
27,436,T-Shirt,Zara,Kids' Fashion,99,2.82,Black,XL
9,437,Shoes,Gucci,Men's Fashion,96,3.13,Green,XL
89,438,T-Shirt,Adidas,Kids' Fashion,86,4.69,Yellow,XL
71,439,Jeans,Zara,Men's Fashion,20,2.57,White,XL
49,440,Dress,Zara,Women's Fashion,83,4.72,White,L
47,441,Sweater,Adidas,Men's Fashion,50,1.84,Black,XL
88,442,T-Shirt,H&M,Men's Fashion,74,3.91,Red,S
37,443,Sweater,Gucci,Men's Fashion,11,3.02,White,L
84,444,Dress,Nike,Men's Fashion,31,1.56,White,XL
38,445,Sweater,H&M,Kids' Fashion,74,4.20,Yellow,L
18,446,Shoes,Adidas,Kids' Fashion,91,1.13,Black,L
84,447,Shoes,H&M,Kids' Fashion,27,4.73,Yellow,XL
75,448,Shoes,Gucci,Kids' Fashion,53,2.14,Green,M
5,449,Shoes,H&M,Men's Fashion,82,4.55,Black,XL
92,450,Shoes,Nike,Kids' Fashion,59,4.33,Black,XL
42,451,T-Shirt,Adidas,Kids' Fashion,69,2.98,Green,XL
43,452,Jeans,H&M,Kids' Fashion,11,3.70,Green,XL
30,453,Shoes,Nike,Men's Fashion,34,2.57,Red,S
50,454,Shoes,Zara,Kids' Fashion,47,3.67,White,L
58,455,T-Shirt,Gucci,Women's Fashion,51,1.29,Blue,M
93,456,Shoes,Gucci,Men's Fashion,14,4.44,Blue,M
70,457,Jeans,Gucci,Women's Fashion,36,1.60,Green,M
20,458,T-Shirt,Gucci,Kids' Fashion,18,1.18,Black,L
52,459,Dress,Adidas,Kids' Fashion,10,2.34,Black,S
39,460,Jeans,H&M,Kids' Fashion,94,2.58,Black,L
43,461,Shoes,Zara,Kids' Fashion,93,1.03,Red,M
65,462,Dress,Zara,Women's Fashion,34,2.03,Yellow,M
24,463,Dress,Adidas,Men's Fashion,25,3.18,Blue,M
53,464,Shoes,Zara,Men's Fashion,74,1.36,Green,L
1,465,T-Shirt,Gucci,Women's Fashion,17,1.20,White,M
30,466,Sweater,H&M,Men's Fashion,37,1.06,Black,L
13,467,Jeans,Adidas,Women's Fashion,69,1.80,Red,L
40,468,Dress,Zara,Women's Fashion,38,1.31,White,S
83,469,Dress,Nike,Women's Fashion,95,4.91,Yellow,XL
76,470,T-Shirt,Adidas,Kids' Fashion,34,4.64,Blue,S
38,471,T-Shirt,Nike,Women's Fashion,96,2.32,Black,M
11,472,Jeans,Adidas,Women's Fashion,67,3.48,Green,L
98,473,Dress,Nike,Women's Fashion,51,1.69,Red,S
79,474,Dress,H&M,Kids' Fashion,68,1.37,Yellow,L
73,475,Sweater,H&M,Men's Fashion,69,4.07,Yellow,S
14,476,Shoes,H&M,Women's Fashion,70,4.08,White,XL
100,477,Sweater,Nike,Men's Fashion,30,1.56,Black,S
77,478,T-Shirt,H&M,Women's Fashion,12,1.34,Green,L
1,479,Sweater,Nike,Men's Fashion,51,1.20,Green,XL
9,480,Dress,Nike,Men's Fashion,70,1.79,Blue,XL
52,481,Jeans,Zara,Women's Fashion,24,1.67,Blue,XL
85,482,Dress,Gucci,Women's Fashion,97,3.58,Yellow,M
86,483,T-Shirt,Zara,Women's Fashion,75,2.65,Black,XL
92,484,Sweater,Gucci,Men's Fashion,47,2.12,Red,XL
54,485,Dress,H&M,Women's Fashion,70,2.64,Black,S
69,486,Jeans,Adidas,Women's Fashion,69,1.20,Yellow,L
21,487,T-Shirt,Adidas,Women's Fashion,62,3.70,Blue,XL
30,488,Sweater,H&M,Men's Fashion,81,1.19,Yellow,XL
45,489,Dress,Adidas,Men's Fashion,37,3.56,Black,M
12,490,T-Shirt,Nike,Men's Fashion,41,1.98,Green,L
55,491,Dress,Zara,Kids' Fashion,42,3.12,Black,M
30,492,Sweater,Zara,Kids' Fashion,69,1.38,Blue,M
57,493,Shoes,H&M,Kids' Fashion,88,3.13,White,XL
54,494,Sweater,Zara,Kids' Fashion,82,4.68,Green,M
14,495,Jeans,Nike,Women's Fashion,78,1.13,Blue,S
92,496,T-Shirt,Adidas,Kids' Fashion,59,1.73,Green,L
88,497,Jeans,Gucci,Women's Fashion,30,3.70,Yellow,M
50,498,Dress,Zara,Men's Fashion,59,2.99,Yellow,XL
60,499,Dress,Adidas,Kids' Fashion,93,2.60,White,L
36,500,Shoes,Zara,Women's Fashion,88,1.70,Red,M
20,501,Sweater,Adidas,Kids' Fashion,41,4.32,Green,S
61,502,Dress,Zara,Kids' Fashion,33,4.99,Blue,M
84,503,Sweater,Adidas,Kids' Fashion,16,4.53,White,XL
70,504,Sweater,Zara,Men's Fashion,22,2.10,Black,XL
24,505,Dress,Zara,Women's Fashion,75,1.73,Black,S
47,506,Shoes,Nike,Women's Fashion,51,3.98,Blue,M
37,507,T-Shirt,Zara,Women's Fashion,85,4.06,White,XL
72,508,Dress,Gucci,Men's Fashion,25,4.46,Blue,M
95,509,Dress,Gucci,Men's Fashion,28,1.96,Blue,L
9,510,Shoes,Nike,Men's Fashion,60,3.11,Green,L
52,511,Jeans,H&M,Kids' Fashion,78,2.93,Black,S
71,512,Shoes,Nike,Men's Fashion,92,2.36,Blue,S
7,513,Jeans,Zara,Men's Fashion,65,4.06,Green,M
27,514,Dress,Adidas,Kids' Fashion,47,3.43,White,M
1,515,Dress,Nike,Kids' Fashion,64,3.75,White,S
51,516,Shoes,Gucci,Women's Fashion,33,1.60,Red,S
29,517,T-Shirt,Gucci,Men's Fashion,74,2.85,Blue,M
87,518,Sweater,Gucci,Men's Fashion,56,2.58,Yellow,S
28,519,Sweater,Adidas,Women's Fashion,29,3.48,Blue,XL
8,520,Dress,Zara,Men's Fashion,13,3.07,Red,L
90,521,T-Shirt,Adidas,Men's Fashion,19,3.26,White,M
24,522,Sweater,Adidas,Men's Fashion,80,2.94,Yellow,S
82,523,Sweater,Gucci,Women's Fashion,71,1.22,Black,S
51,524,T-Shirt,Nike,Kids' Fashion,47,1.93,Black,S
72,525,T-Shirt,Adidas,Kids' Fashion,58,2.44,Blue,M
36,526,Jeans,Zara,Women's Fashion,70,2.93,Red,L
12,527,T-Shirt,Nike,Kids' Fashion,31,4.15,Yellow,M
98,528,Shoes,Zara,Men's Fashion,33,2.71,Black,M
77,529,Shoes,Gucci,Women's Fashion,59,2.00,White,L
7,530,Shoes,Adidas,Kids' Fashion,71,3.36,Black,M
50,531,Dress,H&M,Women's Fashion,45,2.89,Green,L
32,532,Shoes,Zara,Men's Fashion,21,2.07,Blue,L
12,533,Shoes,Nike,Kids' Fashion,11,4.83,Green,S
40,534,Dress,Adidas,Kids' Fashion,94,4.51,Yellow,M
24,535,Jeans,Nike,Women's Fashion,87,1.20,Red,L
82,536,Dress,H&M,Kids' Fashion,18,3.35,Yellow,S
41,537,Jeans,Nike,Men's Fashion,68,2.41,Red,M
11,538,Dress,Nike,Men's Fashion,94,2.37,Blue,M
26,539,T-Shirt,Nike,Kids' Fashion,10,3.10,Blue,L
26,540,Jeans,H&M,Kids' Fashion,80,1.17,Yellow,M
48,541,Jeans,Nike,Women's Fashion,17,2.14,Green,S
35,542,Dress,Adidas,Men's Fashion,92,4.02,Red,S
15,543,Jeans,Gucci,Men's Fashion,86,4.17,Yellow,M
54,544,T-Shirt,Nike,Women's Fashion,77,3.56,Red,L
68,545,Shoes,Zara,Men's Fashion,82,2.00,Red,XL
6,546,Shoes,Zara,Women's Fashion,93,1.36,Red,L
6,547,Sweater,H&M,Kids' Fashion,89,2.54,Yellow,XL
79,548,Sweater,Zara,Kids' Fashion,65,1.49,Red,M
11,549,Dress,Zara,Women's Fashion,96,4.28,Blue,XL
57,550,T-Shirt,Nike,Men's Fashion,69,2.93,Yellow,L
49,551,Jeans,H&M,Women's Fashion,83,4.07,Blue,M
2,552,Sweater,Adidas,Kids' Fashion,50,4.48,Blue,M
10,553,Shoes,Adidas,Men's Fashion,90,1.20,Green,XL
11,554,Sweater,Adidas,Men's Fashion,51,4.10,Blue,L
21,555,T-Shirt,Adidas,Women's Fashion,67,3.94,Blue,L
26,556,T-Shirt,H&M,Women's Fashion,39,2.60,Red,L
45,557,Shoes,Adidas,Women's Fashion,85,1.50,Black,M
2,558,Jeans,Adidas,Women's Fashion,23,2.03,Red,XL
6,559,Shoes,Gucci,Women's Fashion,10,4.23,Red,XL
31,560,Dress,Adidas,Women's Fashion,99,1.00,Red,XL
65,561,Shoes,Zara,Men's Fashion,96,3.97,Yellow,M
37,562,T-Shirt,Zara,Kids' Fashion,29,4.44,Green,L
44,563,Shoes,Adidas,Men's Fashion,39,4.04,Blue,XL
70,564,Shoes,Adidas,Kids' Fashion,31,4.56,Blue,M
13,565,Sweater,Nike,Kids' Fashion,11,2.59,White,L
100,566,Dress,Gucci,Kids' Fashion,80,4.02,White,M
27,567,Dress,Zara,Kids' Fashion,96,1.21,Black,M
61,568,Sweater,Gucci,Kids' Fashion,20,3.49,Red,L
92,569,Dress,Nike,Kids' Fashion,55,4.24,Blue,XL
4,570,T-Shirt,Adidas,Women's Fashion,54,1.45,Black,S
23,571,Jeans,Nike,Men's Fashion,23,2.62,Red,M
17,572,Sweater,H&M,Men's Fashion,63,4.05,Blue,S
80,573,Shoes,Zara,Kids' Fashion,78,3.40,White,L
9,574,Jeans,Gucci,Women's Fashion,92,4.49,Black,L
99,575,T-Shirt,H&M,Kids' Fashion,72,4.76,White,L
76,576,T-Shirt,H&M,Women's Fashion,26,3.09,White,S
41,577,T-Shirt,H&M,Women's Fashion,66,2.16,White,M
65,578,Dress,Gucci,Women's Fashion,48,3.12,Green,L
26,579,Shoes,Gucci,Women's Fashion,57,4.99,White,XL
38,580,Shoes,Adidas,Men's Fashion,92,2.49,Green,S
65,581,Sweater,Zara,Men's Fashion,83,4.72,Red,L
24,582,Dress,Zara,Men's Fashion,70,2.24,White,M
96,583,Dress,H&M,Kids' Fashion,64,4.45,Green,L
71,584,T-Shirt,Gucci,Women's Fashion,17,2.64,Black,S
6,585,Jeans,Adidas,Women's Fashion,68,3.59,Yellow,M
38,586,Sweater,Nike,Kids' Fashion,99,2.28,Yellow,M
41,587,T-Shirt,Adidas,Women's Fashion,50,1.25,Blue,XL
46,588,T-Shirt,Gucci,Kids' Fashion,24,3.41,White,S
71,589,T-Shirt,Adidas,Women's Fashion,99,1.02,Red,L
56,590,T-Shirt,Nike,Kids' Fashion,65,2.43,Green,L
61,591,Jeans,Gucci,Women's Fashion,97,2.04,White,M
29,592,Jeans,Nike,Kids' Fashion,47,1.76,Yellow,M
97,593,Sweater,H&M,Men's Fashion,89,3.15,White,S
97,594,Sweater,Nike,Kids' Fashion,86,3.84,Yellow,S
53,595,T-Shirt,Gucci,Women's Fashion,96,3.63,Blue,S
9,596,Dress,H&M,Women's Fashion,35,3.94,Black,L
95,597,Jeans,H&M,Men's Fashion,38,3.24,Blue,M
79,598,Shoes,Gucci,Women's Fashion,77,1.43,Yellow,XL
52,599,T-Shirt,H&M,Men's Fashion,80,4.47,Green,S
40,600,T-Shirt,Adidas,Men's Fashion,97,1.50,Yellow,M
80,601,Dress,Adidas,Women's Fashion,44,1.03,White,L
7,602,Sweater,Zara,Women's Fashion,11,4.34,White,L
26,603,Dress,Zara,Kids' Fashion,13,2.03,Black,S
74,604,T-Shirt,Gucci,Men's Fashion,10,3.98,Yellow,S
92,605,Jeans,Adidas,Women's Fashion,62,2.90,Red,S
35,606,Dress,Nike,Women's Fashion,28,4.21,White,S
40,607,T-Shirt,Nike,Women's Fashion,55,1.18,Yellow,S
90,608,T-Shirt,H&M,Women's Fashion,51,2.71,Blue,M
89,609,Sweater,Adidas,Kids' Fashion,75,4.79,Red,S
85,610,Shoes,H&M,Women's Fashion,62,2.53,Green,M
2,611,Shoes,Gucci,Kids' Fashion,85,2.03,White,L
28,612,Shoes,Zara,Men's Fashion,27,2.27,Blue,XL
80,613,Jeans,Gucci,Women's Fashion,37,4.65,Black,XL
89,614,Sweater,Gucci,Men's Fashion,47,1.35,Green,L
44,615,T-Shirt,Nike,Kids' Fashion,67,2.89,Red,L
80,616,Dress,Zara,Women's Fashion,98,4.87,Red,M
19,617,Jeans,Adidas,Kids' Fashion,77,1.70,Black,XL
51,618,Shoes,Gucci,Kids' Fashion,85,4.73,Green,L
10,619,T-Shirt,Nike,Women's Fashion,97,1.29,Blue,M
68,620,Sweater,Nike,Kids' Fashion,37,3.46,White,XL
17,621,Shoes,H&M,Men's Fashion,72,2.65,Yellow,S
30,622,T-Shirt,Nike,Men's Fashion,45,3.78,Red,XL
67,623,Shoes,Adidas,Kids' Fashion,62,1.61,Green,L
83,624,T-Shirt,Nike,Women's Fashion,70,4.45,White,L
75,625,Shoes,Adidas,Kids' Fashion,78,3.45,Black,L
44,626,Jeans,Adidas,Men's Fashion,29,4.18,Yellow,S
61,627,T-Shirt,Adidas,Men's Fashion,94,1.87,Green,M
93,628,Sweater,Nike,Women's Fashion,64,3.81,Red,S
80,629,Shoes,Gucci,Men's Fashion,95,3.58,White,M
74,630,T-Shirt,Nike,Women's Fashion,84,1.66,White,XL
65,631,T-Shirt,Zara,Kids' Fashion,32,4.20,White,S
64,632,Dress,Zara,Kids' Fashion,66,3.76,Yellow,M
73,633,Dress,Nike,Women's Fashion,72,3.75,Red,L
9,634,Shoes,Nike,Kids' Fashion,27,1.30,Yellow,S
34,635,Jeans,Adidas,Women's Fashion,29,2.24,Yellow,XL
10,636,Shoes,Gucci,Kids' Fashion,96,4.60,Yellow,L
33,637,Shoes,Zara,Kids' Fashion,55,3.77,Green,S
7,638,Sweater,Adidas,Men's Fashion,22,4.91,White,M
22,639,Shoes,Zara,Men's Fashion,26,3.55,Blue,L
11,640,T-Shirt,Zara,Kids' Fashion,72,2.75,Red,S
10,641,Shoes,Zara,Kids' Fashion,20,1.99,White,M
75,642,T-Shirt,Gucci,Kids' Fashion,22,4.97,Black,S
63,643,T-Shirt,Zara,Kids' Fashion,42,4.63,Black,L
64,644,Shoes,H&M,Kids' Fashion,79,1.07,White,M
46,645,T-Shirt,Zara,Kids' Fashion,98,4.70,Black,S
36,646,Sweater,Zara,Men's Fashion,36,2.81,Green,M
25,647,Shoes,Adidas,Women's Fashion,60,1.62,Black,M
74,648,T-Shirt,Gucci,Men's Fashion,20,3.26,White,L
82,649,T-Shirt,Gucci,Women's Fashion,76,2.44,Red,S
22,650,Dress,Gucci,Women's Fashion,99,4.31,Green,M
35,651,Shoes,Gucci,Men's Fashion,16,1.01,Yellow,XL
8,652,Jeans,Zara,Kids' Fashion,74,1.06,Yellow,L
65,653,Dress,Gucci,Kids' Fashion,17,4.81,Red,L
34,654,Shoes,Zara,Kids' Fashion,42,4.28,Blue,S
6,655,T-Shirt,Zara,Men's Fashion,33,2.00,Black,S
67,656,Jeans,Nike,Men's Fashion,79,4.66,White,M
36,657,Jeans,Nike,Men's Fashion,87,2.10,Yellow,L
60,658,Jeans,Adidas,Women's Fashion,40,3.25,Green,L
97,659,Shoes,Zara,Women's Fashion,21,1.02,White,M
11,660,Dress,Adidas,Kids' Fashion,41,2.69,Blue,S
30,661,Jeans,Gucci,Kids' Fashion,71,1.53,Blue,XL
4,662,Dress,Nike,Women's Fashion,14,3.46,Black,S
17,663,Sweater,Zara,Women's Fashion,52,1.19,Black,L
33,664,Shoes,H&M,Kids' Fashion,28,4.46,White,L
89,665,T-Shirt,H&M,Women's Fashion,25,3.17,Red,S
37,666,T-Shirt,H&M,Women's Fashion,76,1.94,Black,S
49,667,Shoes,Nike,Kids' Fashion,64,1.10,Blue,XL
77,668,Shoes,Zara,Men's Fashion,11,1.84,White,S
100,669,Shoes,Adidas,Women's Fashion,66,2.93,White,L
48,670,T-Shirt,Gucci,Men's Fashion,55,4.27,Yellow,M
8,671,Dress,Adidas,Women's Fashion,16,3.23,Blue,L
31,672,Sweater,Zara,Kids' Fashion,93,2.96,Blue,M
79,673,T-Shirt,Gucci,Kids' Fashion,83,3.18,Yellow,M
2,674,Shoes,Adidas,Kids' Fashion,72,1.95,Green,L
11,675,Sweater,Nike,Kids' Fashion,29,1.40,Green,XL
25,676,Shoes,Nike,Women's Fashion,11,2.78,Black,L
74,677,Shoes,Gucci,Women's Fashion,68,4.57,Blue,L
11,678,Dress,H&M,Men's Fashion,85,2.86,Black,L
99,679,Jeans,Adidas,Kids' Fashion,19,1.18,Yellow,L
5,680,Dress,Nike,Women's Fashion,55,4.05,Red,XL
59,681,Shoes,Zara,Kids' Fashion,24,3.81,Black,L
13,682,Jeans,Adidas,Women's Fashion,52,4.35,Blue,XL
75,683,Jeans,Gucci,Men's Fashion,31,2.41,White,XL
31,684,Dress,Adidas,Women's Fashion,12,3.94,White,S
37,685,Jeans,Nike,Men's Fashion,19,1.27,White,M
9,686,Jeans,H&M,Women's Fashion,75,2.95,Green,M
35,687,Sweater,H&M,Kids' Fashion,74,4.17,Blue,L
19,688,Sweater,H&M,Kids' Fashion,91,1.37,White,XL
5,689,Jeans,H&M,Kids' Fashion,32,3.22,Black,L
11,690,Jeans,H&M,Kids' Fashion,34,2.15,White,L
38,691,T-Shirt,Adidas,Kids' Fashion,13,3.27,Blue,XL
91,692,Dress,Nike,Women's Fashion,39,4.71,Red,XL
44,693,Shoes,Nike,Men's Fashion,62,2.55,Green,L
98,694,T-Shirt,Adidas,Kids' Fashion,51,2.05,Red,L
45,695,Dress,Zara,Women's Fashion,78,4.73,Red,XL
81,696,Sweater,Adidas,Men's Fashion,39,4.59,Green,XL
61,697,T-Shirt,Nike,Women's Fashion,99,4.80,Green,L
82,698,Sweater,Zara,Men's Fashion,85,1.80,White,XL
52,699,T-Shirt,Adidas,Men's Fashion,50,1.65,Green,S
96,700,Dress,H&M,Women's Fashion,78,4.82,Yellow,S
34,701,Jeans,Nike,Women's Fashion,17,2.26,Blue,XL
46,702,Shoes,Gucci,Kids' Fashion,58,4.79,Blue,L
27,703,Shoes,Gucci,Men's Fashion,21,3.43,Blue,S
6,704,T-Shirt,Adidas,Kids' Fashion,38,4.98,Green,M
32,705,Dress,Nike,Kids' Fashion,67,2.20,Black,L
91,706,Jeans,Gucci,Women's Fashion,69,1.05,Green,S
100,707,Dress,Adidas,Women's Fashion,68,4.30,Green,M
17,708,T-Shirt,Nike,Kids' Fashion,76,4.45,Black,M
57,709,T-Shirt,Adidas,Men's Fashion,53,1.68,White,XL
50,710,Sweater,Zara,Men's Fashion,58,2.17,Red,S
37,711,Jeans,Adidas,Men's Fashion,34,3.48,Red,M
76,712,Shoes,Gucci,Kids' Fashion,100,4.61,Green,S
25,713,Jeans,Gucci,Men's Fashion,75,4.44,Blue,XL
91,714,Shoes,Zara,Men's Fashion,35,2.49,White,S
48,715,Shoes,Nike,Women's Fashion,84,4.87,Yellow,L
11,716,Shoes,Adidas,Men's Fashion,68,3.93,Red,S
8,717,Sweater,Nike,Women's Fashion,34,4.23,Yellow,M
73,718,T-Shirt,Zara,Women's Fashion,30,1.37,White,L
59,719,Dress,H&M,Women's Fashion,34,1.94,Blue,M
97,720,Shoes,Adidas,Men's Fashion,27,2.57,Black,S
42,721,Shoes,Zara,Kids' Fashion,77,2.21,Blue,M
78,722,Dress,Adidas,Women's Fashion,73,3.96,Blue,L
55,723,T-Shirt,Nike,Men's Fashion,97,1.11,White,S
82,724,Shoes,Adidas,Women's Fashion,57,3.17,Yellow,S
87,725,Jeans,Gucci,Women's Fashion,12,3.81,Black,XL
40,726,T-Shirt,Nike,Men's Fashion,10,3.21,Red,XL
72,727,Jeans,Adidas,Women's Fashion,11,4.42,White,S
95,728,Dress,Zara,Men's Fashion,63,2.41,Yellow,S
26,729,Sweater,Gucci,Kids' Fashion,10,2.73,Yellow,XL
72,730,Jeans,Zara,Kids' Fashion,68,1.61,Green,M
20,731,Sweater,Adidas,Men's Fashion,62,4.90,White,XL
48,732,Shoes,Zara,Women's Fashion,28,2.65,Blue,S
89,733,Sweater,Adidas,Women's Fashion,75,4.89,Black,M
89,734,Dress,Zara,Women's Fashion,80,1.59,Blue,XL
65,735,Sweater,H&M,Men's Fashion,28,3.90,Yellow,L
11,736,T-Shirt,Adidas,Men's Fashion,94,2.76,White,L
20,737,T-Shirt,Adidas,Kids' Fashion,78,1.13,Blue,S
30,738,Jeans,H&M,Men's Fashion,100,1.03,Blue,L
24,739,Sweater,Gucci,Kids' Fashion,80,1.23,Red,M
68,740,Dress,Nike,Women's Fashion,72,3.69,White,XL
49,741,Shoes,Nike,Women's Fashion,81,3.39,Blue,XL
54,742,Dress,H&M,Men's Fashion,85,3.46,Yellow,L
15,743,Jeans,H&M,Women's Fashion,55,1.73,Red,XL
21,744,Shoes,Zara,Men's Fashion,97,3.00,Black,XL
73,745,Sweater,Zara,Men's Fashion,40,3.75,Blue,L
13,746,Shoes,Gucci,Kids' Fashion,21,1.25,Black,S
37,747,Jeans,Adidas,Kids' Fashion,73,1.42,White,XL
87,748,Sweater,Zara,Kids' Fashion,45,3.35,Red,S
31,749,Shoes,Gucci,Women's Fashion,43,2.39,Black,L
71,750,Shoes,Nike,Kids' Fashion,57,3.73,Red,L
65,751,Jeans,Gucci,Kids' Fashion,72,2.10,Blue,S
14,752,Dress,Gucci,Men's Fashion,72,1.97,Blue,L
17,753,Jeans,Zara,Kids' Fashion,86,4.21,Yellow,S
63,754,Jeans,Gucci,Kids' Fashion,79,1.89,Red,L
99,755,T-Shirt,Zara,Women's Fashion,90,3.47,White,S
37,756,Jeans,Adidas,Men's Fashion,34,1.67,Black,XL
66,757,Shoes,Gucci,Kids' Fashion,61,4.19,Black,L
32,758,Jeans,Nike,Women's Fashion,51,4.22,Green,M
39,759,Shoes,Gucci,Kids' Fashion,65,1.83,Black,S
35,760,Jeans,Nike,Women's Fashion,57,3.46,Green,S
86,761,Dress,H&M,Men's Fashion,92,3.64,Black,L
8,762,Jeans,Nike,Kids' Fashion,50,3.80,Blue,XL
71,763,T-Shirt,Nike,Men's Fashion,25,2.09,Green,S
10,764,Dress,H&M,Women's Fashion,30,2.06,Black,M
25,765,Sweater,H&M,Kids' Fashion,86,4.83,Blue,S
25,766,Jeans,Zara,Men's Fashion,40,4.46,Green,M
83,767,Shoes,H&M,Men's Fashion,72,4.63,Yellow,L
12,768,Shoes,H&M,Women's Fashion,95,4.60,White,M
71,769,Sweater,Zara,Men's Fashion,28,4.48,White,S
93,770,T-Shirt,H&M,Kids' Fashion,14,4.68,Yellow,S
71,771,T-Shirt,Zara,Men's Fashion,82,1.57,Red,XL
34,772,Shoes,Gucci,Men's Fashion,24,4.77,Black,XL
70,773,Shoes,Nike,Women's Fashion,74,2.50,Black,XL
74,774,Dress,H&M,Men's Fashion,94,2.98,White,L
39,775,Dress,H&M,Men's Fashion,60,3.20,White,M
73,776,Dress,Nike,Men's Fashion,86,2.22,Red,M
40,777,Jeans,Adidas,Kids' Fashion,88,1.80,Green,M
25,778,Dress,Nike,Kids' Fashion,80,3.98,White,L
98,779,Jeans,Nike,Kids' Fashion,94,3.73,Yellow,XL
46,780,T-Shirt,Gucci,Kids' Fashion,89,1.72,Blue,XL
83,781,Sweater,Nike,Men's Fashion,85,4.83,Green,L
23,782,T-Shirt,Adidas,Men's Fashion,31,1.95,White,M
76,783,Jeans,H&M,Women's Fashion,59,2.20,Red,S
95,784,Sweater,Zara,Men's Fashion,46,3.07,White,M
77,785,T-Shirt,H&M,Men's Fashion,57,1.27,Red,S
65,786,T-Shirt,H&M,Kids' Fashion,73,3.96,White,L
91,787,Dress,H&M,Women's Fashion,96,3.26,Blue,XL
34,788,Jeans,Adidas,Kids' Fashion,74,3.14,Red,S
22,789,Jeans,Nike,Women's Fashion,99,2.51,Yellow,XL
31,790,Shoes,Adidas,Men's Fashion,34,1.10,Red,S
73,791,Jeans,Gucci,Women's Fashion,58,3.65,Green,L
88,792,Sweater,Adidas,Kids' Fashion,88,4.65,Yellow,XL
28,793,T-Shirt,Zara,Kids' Fashion,82,1.32,Black,XL
9,794,Jeans,H&M,Women's Fashion,68,4.29,Black,M
2,795,Jeans,Gucci,Kids' Fashion,30,1.48,Black,S
3,796,Jeans,H&M,Women's Fashion,86,1.86,Black,M
68,797,Sweater,H&M,Kids' Fashion,62,1.12,Red,XL
28,798,Jeans,H&M,Kids' Fashion,75,1.80,Blue,M
48,799,Shoes,Adidas,Men's Fashion,20,2.33,Yellow,XL
61,800,T-Shirt,H&M,Men's Fashion,38,4.78,Red,S
33,801,Jeans,Zara,Men's Fashion,39,3.51,Black,XL
66,802,Shoes,Gucci,Men's Fashion,26,2.64,Green,XL
56,803,Sweater,Nike,Men's Fashion,13,1.62,Blue,XL
66,804,T-Shirt,Zara,Kids' Fashion,91,2.63,Black,M
53,805,Dress,H&M,Men's Fashion,84,3.39,Blue,XL
100,806,Jeans,Zara,Women's Fashion,11,3.78,Green,L
74,807,Jeans,Zara,Men's Fashion,31,2.00,Blue,S
20,808,T-Shirt,Adidas,Women's Fashion,26,4.32,Yellow,L
5,809,Jeans,Adidas,Men's Fashion,22,3.14,White,XL
31,810,Jeans,Zara,Kids' Fashion,39,1.07,Black,M
9,811,Jeans,Gucci,Kids' Fashion,63,1.84,White,M
9,812,Dress,Nike,Women's Fashion,23,1.18,Blue,M
42,813,Sweater,Zara,Men's Fashion,97,3.05,Blue,M
62,814,Sweater,Zara,Women's Fashion,48,2.80,Yellow,XL
78,815,Sweater,Zara,Women's Fashion,16,3.13,Black,S
24,816,Jeans,Nike,Kids' Fashion,86,1.09,Blue,XL
51,817,T-Shirt,Adidas,Kids' Fashion,15,1.16,Black,XL
42,818,Dress,Nike,Women's Fashion,36,4.02,Blue,L
45,819,T-Shirt,Zara,Men's Fashion,41,3.44,White,XL
91,820,T-Shirt,Nike,Women's Fashion,49,3.16,White,L
65,821,Dress,H&M,Women's Fashion,30,3.64,Blue,XL
75,822,T-Shirt,Gucci,Kids' Fashion,48,4.74,Green,XL
65,823,T-Shirt,H&M,Kids' Fashion,77,2.88,White,L
3,824,Shoes,Zara,Women's Fashion,17,1.08,White,L
32,825,T-Shirt,Zara,Men's Fashion,12,1.85,White,M
35,826,Shoes,Adidas,Women's Fashion,92,4.78,Red,S
13,827,Shoes,Nike,Women's Fashion,92,1.78,Red,XL
94,828,Sweater,H&M,Women's Fashion,29,4.40,Green,S
18,829,Dress,Adidas,Men's Fashion,19,4.26,Black,XL
94,830,Jeans,Gucci,Kids' Fashion,54,3.73,Green,S
19,831,Jeans,Gucci,Kids' Fashion,37,2.55,Black,S
96,832,Jeans,Nike,Women's Fashion,87,2.36,Blue,L
70,833,Sweater,H&M,Kids' Fashion,82,1.10,Yellow,L
99,834,Shoes,H&M,Women's Fashion,98,3.78,Yellow,S
15,835,T-Shirt,Nike,Kids' Fashion,84,2.89,Yellow,XL
93,836,Jeans,Gucci,Women's Fashion,21,4.25,White,L
59,837,Shoes,Nike,Kids' Fashion,50,2.41,Black,M
33,838,Jeans,Zara,Men's Fashion,60,2.68,Blue,S
26,839,Dress,Nike,Kids' Fashion,68,2.66,Blue,S
73,840,Shoes,Zara,Kids' Fashion,84,3.15,Red,S
56,841,Dress,Zara,Men's Fashion,37,3.01,Blue,M
59,842,Jeans,Adidas,Men's Fashion,44,3.06,White,XL
52,843,Shoes,Nike,Kids' Fashion,91,2.72,Red,M
1,844,Sweater,Zara,Kids' Fashion,11,2.89,Blue,M
66,845,Sweater,Gucci,Men's Fashion,92,2.10,Green,M
82,846,T-Shirt,Nike,Kids' Fashion,26,4.30,Yellow,M
88,847,T-Shirt,Gucci,Women's Fashion,10,1.37,Green,S
78,848,Shoes,Nike,Kids' Fashion,31,3.76,White,L
14,849,Dress,Nike,Kids' Fashion,60,3.64,Green,S
2,850,T-Shirt,Nike,Kids' Fashion,73,1.27,Yellow,L
24,851,Jeans,Nike,Men's Fashion,46,2.69,Yellow,XL
38,852,Jeans,H&M,Kids' Fashion,83,3.01,Red,XL
5,853,Dress,H&M,Kids' Fashion,20,3.01,Green,L
72,854,T-Shirt,Adidas,Kids' Fashion,83,3.71,Green,M
96,855,Jeans,H&M,Kids' Fashion,88,1.90,Red,L
55,856,Jeans,Gucci,Women's Fashion,93,1.80,Green,XL
37,857,Dress,H&M,Men's Fashion,93,4.35,Blue,M
64,858,T-Shirt,Zara,Kids' Fashion,96,4.45,Yellow,M
48,859,T-Shirt,Adidas,Women's Fashion,44,1.40,Red,L
75,860,Dress,Nike,Kids' Fashion,43,4.03,Blue,S
60,861,Shoes,Gucci,Men's Fashion,98,4.66,White,XL
61,862,Sweater,Adidas,Kids' Fashion,14,1.58,Blue,S
49,863,Shoes,Gucci,Men's Fashion,99,1.43,Red,S
22,864,Sweater,Nike,Men's Fashion,48,3.94,Yellow,L
54,865,Jeans,Gucci,Women's Fashion,80,1.67,Yellow,M
89,866,Shoes,H&M,Men's Fashion,66,4.55,White,S
3,867,Jeans,Nike,Men's Fashion,90,4.24,Black,S
84,868,Sweater,Gucci,Kids' Fashion,72,3.93,Red,L
98,869,Jeans,Zara,Men's Fashion,100,1.84,Black,XL
100,870,Jeans,Nike,Kids' Fashion,26,2.71,Yellow,S
56,871,Shoes,H&M,Men's Fashion,66,2.62,White,XL
94,872,Jeans,H&M,Women's Fashion,96,4.65,Black,M
16,873,T-Shirt,Gucci,Kids' Fashion,27,3.34,Red,L
54,874,Dress,Gucci,Kids' Fashion,45,4.16,Yellow,XL
74,875,Jeans,Adidas,Kids' Fashion,52,3.28,Black,L
26,876,Dress,Nike,Kids' Fashion,82,1.30,Green,M
92,877,Sweater,Zara,Women's Fashion,29,4.50,Red,L
34,878,Sweater,Nike,Women's Fashion,59,4.02,Yellow,XL
1,879,T-Shirt,Nike,Kids' Fashion,67,4.30,Red,S
18,880,Sweater,Zara,Kids' Fashion,48,1.94,White,L
25,881,Shoes,H&M,Men's Fashion,20,2.76,Red,XL
35,882,Sweater,Gucci,Women's Fashion,57,2.41,Yellow,XL
73,883,Shoes,Nike,Kids' Fashion,49,1.93,Yellow,L
94,884,Dress,Zara,Men's Fashion,51,2.89,Green,L
90,885,T-Shirt,Zara,Kids' Fashion,94,3.03,White,XL
38,886,Dress,Gucci,Men's Fashion,27,3.42,Blue,M
79,887,Sweater,Adidas,Men's Fashion,88,3.65,Blue,XL
39,888,Sweater,Gucci,Kids' Fashion,73,4.95,Blue,S
60,889,Shoes,Adidas,Kids' Fashion,25,4.60,Yellow,XL
67,890,T-Shirt,H&M,Men's Fashion,42,1.04,Black,M
32,891,Dress,H&M,Women's Fashion,84,1.44,White,XL
63,892,T-Shirt,Adidas,Women's Fashion,62,3.94,Blue,M
98,893,Shoes,H&M,Kids' Fashion,76,2.07,Red,S
22,894,Shoes,Adidas,Men's Fashion,37,1.41,Black,S
89,895,Jeans,Gucci,Women's Fashion,88,2.10,Yellow,L
41,896,Jeans,Gucci,Men's Fashion,80,4.37,Black,S
84,897,Jeans,H&M,Women's Fashion,22,3.82,White,S
98,898,Dress,Nike,Women's Fashion,44,4.21,Green,M
83,899,Shoes,Gucci,Men's Fashion,85,2.40,Red,XL
94,900,T-Shirt,Nike,Men's Fashion,91,1.61,Blue,XL
44,901,Jeans,Zara,Men's Fashion,41,4.64,Red,XL
91,902,Shoes,Gucci,Women's Fashion,40,3.19,Black,XL
27,903,Sweater,Nike,Women's Fashion,99,2.19,Yellow,M
80,904,Sweater,Zara,Women's Fashion,27,1.77,Yellow,M
87,905,Jeans,Nike,Women's Fashion,83,1.05,Red,XL
5,906,Shoes,Nike,Kids' Fashion,23,2.55,Yellow,M
38,907,T-Shirt,Adidas,Men's Fashion,27,1.57,Yellow,L
32,908,Shoes,Zara,Kids' Fashion,36,3.19,White,M
80,909,Jeans,Nike,Women's Fashion,32,3.33,Green,XL
45,910,Sweater,Adidas,Kids' Fashion,34,1.20,Green,S
63,911,Jeans,Nike,Kids' Fashion,89,2.10,White,S
40,912,Dress,Adidas,Men's Fashion,22,3.29,Blue,L
25,913,Shoes,Gucci,Kids' Fashion,56,3.97,Black,S
11,914,T-Shirt,H&M,Kids' Fashion,46,4.06,Red,L
14,915,Shoes,Adidas,Kids' Fashion,35,2.93,White,M
89,916,Sweater,Nike,Men's Fashion,91,3.46,Black,M
8,917,Jeans,Zara,Men's Fashion,23,2.84,Red,M
76,918,Shoes,H&M,Kids' Fashion,73,3.80,Red,XL
83,919,Shoes,Adidas,Women's Fashion,96,3.36,Red,S
21,920,T-Shirt,Gucci,Women's Fashion,95,3.80,Red,M
13,921,Jeans,Gucci,Men's Fashion,24,2.92,Green,S
81,922,Jeans,Gucci,Men's Fashion,45,4.58,Green,L
13,923,Sweater,Zara,Men's Fashion,79,2.83,White,L
92,924,Sweater,Nike,Men's Fashion,80,3.70,Black,M
40,925,Sweater,H&M,Women's Fashion,69,3.28,Blue,S
37,926,Dress,Zara,Women's Fashion,73,2.19,Blue,L
29,927,T-Shirt,Adidas,Men's Fashion,71,4.95,White,XL
37,928,Sweater,Adidas,Kids' Fashion,10,4.59,Black,L
64,929,Shoes,Gucci,Kids' Fashion,33,3.99,Blue,S
49,930,T-Shirt,Adidas,Women's Fashion,31,3.01,White,M
19,931,Dress,Zara,Kids' Fashion,73,3.86,Blue,XL
64,932,Jeans,H&M,Kids' Fashion,68,2.56,Yellow,L
16,933,Sweater,Adidas,Kids' Fashion,76,3.39,Blue,L
98,934,T-Shirt,Nike,Women's Fashion,82,2.64,Green,XL
77,935,Sweater,Adidas,Men's Fashion,60,1.88,Black,S
72,936,Sweater,Gucci,Men's Fashion,33,1.88,White,M
80,937,T-Shirt,Gucci,Men's Fashion,38,1.12,Red,S
30,938,T-Shirt,Gucci,Kids' Fashion,100,3.22,Blue,S
81,939,Jeans,H&M,Men's Fashion,93,4.95,White,M
63,940,T-Shirt,Gucci,Kids' Fashion,77,3.72,White,XL
24,941,Jeans,Zara,Men's Fashion,70,1.66,White,XL
60,942,Shoes,Adidas,Men's Fashion,49,1.97,Green,L
37,943,Jeans,Gucci,Kids' Fashion,71,4.06,Blue,L
65,944,Sweater,H&M,Kids' Fashion,49,3.08,Black,S
72,945,Jeans,Gucci,Kids' Fashion,58,2.01,Red,L
78,946,Sweater,H&M,Women's Fashion,15,1.67,Red,S
1,947,T-Shirt,Zara,Kids' Fashion,48,3.16,White,S
37,948,Sweater,Gucci,Women's Fashion,83,3.55,Yellow,XL
4,949,T-Shirt,Zara,Kids' Fashion,96,4.47,Green,M
4,950,T-Shirt,Zara,Men's Fashion,86,1.71,Green,L
61,951,Sweater,Nike,Kids' Fashion,62,2.95,Black,L
17,952,Dress,Zara,Women's Fashion,60,2.55,Black,L
88,953,Jeans,Nike,Kids' Fashion,19,1.54,Blue,L
61,954,T-Shirt,Gucci,Women's Fashion,74,2.80,Green,L
81,955,Jeans,Nike,Kids' Fashion,64,1.80,White,XL
39,956,Sweater,H&M,Men's Fashion,88,3.91,Black,M
2,957,Jeans,Nike,Men's Fashion,57,4.93,White,L
46,958,Shoes,Adidas,Men's Fashion,16,2.20,Green,M
100,959,Sweater,H&M,Kids' Fashion,45,2.57,Yellow,XL
94,960,Jeans,Gucci,Men's Fashion,50,4.14,Red,M
62,961,Jeans,Nike,Women's Fashion,40,1.73,White,L
4,962,Shoes,Adidas,Women's Fashion,97,2.61,Green,L
85,963,Shoes,H&M,Men's Fashion,21,4.28,Black,XL
1,964,Dress,Nike,Women's Fashion,31,4.54,White,S
21,965,Sweater,Nike,Men's Fashion,55,3.50,Yellow,S
6,966,Jeans,Gucci,Kids' Fashion,66,4.87,Black,S
92,967,Shoes,Gucci,Kids' Fashion,85,4.00,Blue,M
84,968,Sweater,Gucci,Kids' Fashion,46,1.34,Black,S
12,969,T-Shirt,Gucci,Kids' Fashion,26,2.31,Red,L
78,970,Sweater,H&M,Kids' Fashion,19,4.98,White,L
82,971,Shoes,H&M,Men's Fashion,45,3.38,Green,XL
84,972,Jeans,Gucci,Men's Fashion,14,4.78,White,XL
4,973,Jeans,H&M,Kids' Fashion,20,3.74,Red,L
56,974,Shoes,Gucci,Kids' Fashion,72,3.10,Black,XL
46,975,Dress,Zara,Men's Fashion,19,3.10,Black,L
82,976,Dress,Nike,Kids' Fashion,42,1.54,White,M
4,977,T-Shirt,Nike,Men's Fashion,91,4.04,Red,XL
23,978,T-Shirt,Zara,Men's Fashion,98,4.18,Black,M
77,979,T-Shirt,Nike,Men's Fashion,96,1.89,Blue,S
28,980,T-Shirt,H&M,Kids' Fashion,50,4.81,Blue,XL
35,981,Shoes,Nike,Women's Fashion,97,3.44,White,XL
50,982,Jeans,Nike,Kids' Fashion,11,4.04,Green,S
94,983,Dress,Zara,Men's Fashion,50,4.46,Red,XL
70,984,Dress,Gucci,Men's Fashion,64,2.91,Green,XL
57,985,T-Shirt,H&M,Women's Fashion,36,2.51,Green,S
1,986,Shoes,Gucci,Men's Fashion,11,4.61,Blue,M
77,987,Shoes,H&M,Women's Fashion,42,3.25,Red,M
80,988,T-Shirt,H&M,Men's Fashion,56,2.57,Blue,XL
67,989,T-Shirt,Adidas,Men's Fashion,78,4.72,Black,S
51,990,T-Shirt,Gucci,Men's Fashion,16,3.39,Yellow,S
60,991,Shoes,Nike,Kids' Fashion,25,4.97,Red,L
42,992,T-Shirt,Gucci,Women's Fashion,91,4.92,Black,M
89,993,Shoes,H&M,Women's Fashion,33,4.00,Yellow,S
59,994,Sweater,H&M,Men's Fashion,89,4.44,Green,L
34,995,Sweater,Adidas,Kids' Fashion,58,4.40,Red,S
20,996,Shoes,Zara,Women's Fashion,55,1.62,Black,M
42,997,Sweater,Nike,Kids' Fashion,13,1.54,Green,L
9,998,Sweater,Zara,Men's Fashion,47,3.96,White,L
8,999,T-Shirt,Zara,Women's Fashion,68,3.09,Blue,S
91,1000,Shoes,Adidas,Women's Fashion,79,3.09,White,L
